{"info":{"year":"2022","version":"2","description":"Exported from roboflow.ai","contributor":"","url":"https://public.roboflow.ai/object-detection/undefined","date_created":"2022-09-18T18:53:42+00:00"},"licenses":[{"id":1,"url":"https://creativecommons.org/licenses/by/4.0/","name":"CC BY 4.0"}],"categories":[{"id":0,"name":"Gesture-Recognition-Accuracy","supercategory":"none"},{"id":1,"name":"AC Off","supercategory":"Gesture-Recognition-Accuracy"},{"id":2,"name":"AC On","supercategory":"Gesture-Recognition-Accuracy"},{"id":3,"name":"Music Off","supercategory":"Gesture-Recognition-Accuracy"},{"id":4,"name":"Music On","supercategory":"Gesture-Recognition-Accuracy"},{"id":5,"name":"Volume Down","supercategory":"Gesture-Recognition-Accuracy"},{"id":6,"name":"Volume Up","supercategory":"Gesture-Recognition-Accuracy"}],"images":[{"id":0,"license":1,"file_name":"c_3-38_jpg.rf.0085c9925cf416a8276a969b681a1178.jpg","height":416,"width":416,"date_captured":"2022-09-18T18:53:42+00:00"},{"id":1,"license":1,"file_name":"b_5-76_jpg.rf.02d0607ad04fc4583b7ee9334419ebcf.jpg","height":416,"width":416,"date_captured":"2022-09-18T18:53:42+00:00"},{"id":2,"license":1,"file_name":"c_7-19_jpg.rf.04703254acb128c85779b7de5238367e.jpg","height":416,"width":416,"date_captured":"2022-09-18T18:53:42+00:00"},{"id":3,"license":1,"file_name":"a_2-19_jpg.rf.06a1a70f71ce15981378a24fb9aaae47.jpg","height":416,"width":416,"date_captured":"2022-09-18T18:53:42+00:00"},{"id":4,"license":1,"file_name":"e_7-95_jpg.rf.22b1176860cd32cc503bf76a4d81b4c9.jpg","height":416,"width":416,"date_captured":"2022-09-18T18:53:42+00:00"},{"id":5,"license":1,"file_name":"f_6-57_jpg.rf.09e2799c22f94e48676d37e5ca861e0c.jpg","height":416,"width":416,"date_captured":"2022-09-18T18:53:42+00:00"},{"id":6,"license":1,"file_name":"e_2-19_jpg.rf.0c85bf651ac9f5ec9c6072ddd5795437.jpg","height":416,"width":416,"date_captured":"2022-09-18T18:53:42+00:00"},{"id":7,"license":1,"file_name":"f_8-76_jpg.rf.0b75f256f44a1e3780dbbfb6769644c7.jpg","height":416,"width":416,"date_captured":"2022-09-18T18:53:42+00:00"},{"id":8,"license":1,"file_name":"e_3-95_jpg.rf.1e9daa3c21e1e879c1951d3d96170366.jpg","height":416,"width":416,"date_captured":"2022-09-18T18:53:42+00:00"},{"id":9,"license":1,"file_name":"b_3-19_jpg.rf.154317e894df13e4289a14dedca0c4f9.jpg","height":416,"width":416,"date_captured":"2022-09-18T18:53:42+00:00"},{"id":10,"license":1,"file_name":"e_3-19_jpg.rf.2c7084b6bbf97c4a463aa10ee45993a9.jpg","height":416,"width":416,"date_captured":"2022-09-18T18:53:42+00:00"},{"id":11,"license":1,"file_name":"f_2-38_jpg.rf.017378898f933f7b33cf20239826447d.jpg","height":416,"width":416,"date_captured":"2022-09-18T18:53:42+00:00"},{"id":12,"license":1,"file_name":"b_8-38_jpg.rf.218c1d35bf57a0d9e1a2e5a6dd624ee9.jpg","height":416,"width":416,"date_captured":"2022-09-18T18:53:42+00:00"},{"id":13,"license":1,"file_name":"c_6-57_jpg.rf.2a203fc71fbbe25385226c2bbe60479d.jpg","height":416,"width":416,"date_captured":"2022-09-18T18:53:42+00:00"},{"id":14,"license":1,"file_name":"b_4-95_jpg.rf.2a863ba67c45ab1194d503ea804f2137.jpg","height":416,"width":416,"date_captured":"2022-09-18T18:53:42+00:00"},{"id":15,"license":1,"file_name":"d_2-76_jpg.rf.04abf9d477c18a7f64d17062a6b0f5f3.jpg","height":416,"width":416,"date_captured":"2022-09-18T18:53:42+00:00"},{"id":16,"license":1,"file_name":"c_6-95_jpg.rf.31b11141f45c51e1bbf179bd9d68a93e.jpg","height":416,"width":416,"date_captured":"2022-09-18T18:53:42+00:00"},{"id":17,"license":1,"file_name":"c_5-76_jpg.rf.160c94d6950ed74a1830a0fd6a03f5ee.jpg","height":416,"width":416,"date_captured":"2022-09-18T18:53:42+00:00"},{"id":18,"license":1,"file_name":"d_8-76_jpg.rf.2a8379832a7ff2e03f98e5f5f54eeea2.jpg","height":416,"width":416,"date_captured":"2022-09-18T18:53:42+00:00"},{"id":19,"license":1,"file_name":"f_4-57_jpg.rf.386714bda557ddb821a7dad2b16175b6.jpg","height":416,"width":416,"date_captured":"2022-09-18T18:53:42+00:00"},{"id":20,"license":1,"file_name":"e_3-57_jpg.rf.1cc6dc6c8ac925f4a9e967e348672f23.jpg","height":416,"width":416,"date_captured":"2022-09-18T18:53:42+00:00"},{"id":21,"license":1,"file_name":"b_5-38_jpg.rf.3303c48e493772b603f15812f1eb216d.jpg","height":416,"width":416,"date_captured":"2022-09-18T18:53:42+00:00"},{"id":22,"license":1,"file_name":"c_8-38_jpg.rf.3b5b7fe59dd474854754d63ab298a510.jpg","height":416,"width":416,"date_captured":"2022-09-18T18:53:42+00:00"},{"id":23,"license":1,"file_name":"c_1-95_jpg.rf.2d9ef7aab55b96661a2c18c7fa896580.jpg","height":416,"width":416,"date_captured":"2022-09-18T18:53:42+00:00"},{"id":24,"license":1,"file_name":"f_8-19_jpg.rf.479c6ee80acdb945e829d9af70847280.jpg","height":416,"width":416,"date_captured":"2022-09-18T18:53:42+00:00"},{"id":25,"license":1,"file_name":"f_7-19_jpg.rf.19d8cd47b9e21df42672df476f7046f9.jpg","height":416,"width":416,"date_captured":"2022-09-18T18:53:42+00:00"},{"id":26,"license":1,"file_name":"e_6-19_jpg.rf.0a36eafa21a770fad166b15b6d133d53.jpg","height":416,"width":416,"date_captured":"2022-09-18T18:53:42+00:00"},{"id":27,"license":1,"file_name":"f_3-95_jpg.rf.431fd2e9ab29ece896925967aa32f0f9.jpg","height":416,"width":416,"date_captured":"2022-09-18T18:53:42+00:00"},{"id":28,"license":1,"file_name":"b_7-95_jpg.rf.38e995987ec3101ce611a8f49bbc08b4.jpg","height":416,"width":416,"date_captured":"2022-09-18T18:53:42+00:00"},{"id":29,"license":1,"file_name":"b_1-57_jpg.rf.4c03cdff62521ddadd959ff6462b513a.jpg","height":416,"width":416,"date_captured":"2022-09-18T18:53:42+00:00"},{"id":30,"license":1,"file_name":"f_7-38_jpg.rf.424f0d46522e6424347b93b583ffcb93.jpg","height":416,"width":416,"date_captured":"2022-09-18T18:53:42+00:00"},{"id":31,"license":1,"file_name":"f_2-95_jpg.rf.49ff3805e1d1e94a81f00354931a4d54.jpg","height":416,"width":416,"date_captured":"2022-09-18T18:53:42+00:00"},{"id":32,"license":1,"file_name":"f_7-76_jpg.rf.556fe4dac7054877d6d5fc565248a253.jpg","height":416,"width":416,"date_captured":"2022-09-18T18:53:42+00:00"},{"id":33,"license":1,"file_name":"a_6-76_jpg.rf.3153842c85e88a4fce950bb50f2436c6.jpg","height":416,"width":416,"date_captured":"2022-09-18T18:53:42+00:00"},{"id":34,"license":1,"file_name":"d_1-57_jpg.rf.57252ec38629f8e3af9d4cf2c6f25792.jpg","height":416,"width":416,"date_captured":"2022-09-18T18:53:42+00:00"},{"id":35,"license":1,"file_name":"b_2-76_jpg.rf.5355c8774f4c0a55ac83fff0fe6a2df6.jpg","height":416,"width":416,"date_captured":"2022-09-18T18:53:42+00:00"},{"id":36,"license":1,"file_name":"a_3-76_jpg.rf.575c7409997f73e1dd31ac1fe9dd7e1e.jpg","height":416,"width":416,"date_captured":"2022-09-18T18:53:42+00:00"},{"id":37,"license":1,"file_name":"f_6-76_jpg.rf.4e439d53404b7640a910dab54e4107d9.jpg","height":416,"width":416,"date_captured":"2022-09-18T18:53:42+00:00"},{"id":38,"license":1,"file_name":"e_1-76_jpg.rf.653a16be549ef9be314b359a95cd7afe.jpg","height":416,"width":416,"date_captured":"2022-09-18T18:53:42+00:00"},{"id":39,"license":1,"file_name":"b_7-76_jpg.rf.66ae7a5f9525b5783cff30a08e3c8ac8.jpg","height":416,"width":416,"date_captured":"2022-09-18T18:53:42+00:00"},{"id":40,"license":1,"file_name":"d_8-38_jpg.rf.5d464eeeb781e7bc9cfc867a1badae13.jpg","height":416,"width":416,"date_captured":"2022-09-18T18:53:42+00:00"},{"id":41,"license":1,"file_name":"e_7-19_jpg.rf.4161ade938fd1208a2b6ef53220b8a5a.jpg","height":416,"width":416,"date_captured":"2022-09-18T18:53:42+00:00"},{"id":42,"license":1,"file_name":"a_4-57_jpg.rf.3d45d83d83f9c53361d43ae9bb35c4c5.jpg","height":416,"width":416,"date_captured":"2022-09-18T18:53:42+00:00"},{"id":43,"license":1,"file_name":"f_2-19_jpg.rf.0adcc025000850a78423eebae9e662ee.jpg","height":416,"width":416,"date_captured":"2022-09-18T18:53:42+00:00"},{"id":44,"license":1,"file_name":"f_7-57_jpg.rf.5b9375003173be56943b3a1297c9ff0c.jpg","height":416,"width":416,"date_captured":"2022-09-18T18:53:42+00:00"},{"id":45,"license":1,"file_name":"d_6-76_jpg.rf.55da982dc818769b0821077ab7d75375.jpg","height":416,"width":416,"date_captured":"2022-09-18T18:53:42+00:00"},{"id":46,"license":1,"file_name":"a_1-57_jpg.rf.6bd21f48df63e2f5f6aa74683d530734.jpg","height":416,"width":416,"date_captured":"2022-09-18T18:53:42+00:00"},{"id":47,"license":1,"file_name":"b_2-38_jpg.rf.5fbd409142d5e8e1611828466fbbc273.jpg","height":416,"width":416,"date_captured":"2022-09-18T18:53:42+00:00"},{"id":48,"license":1,"file_name":"a_5-57_jpg.rf.5863838508bc9b931769db185b58f288.jpg","height":416,"width":416,"date_captured":"2022-09-18T18:53:42+00:00"},{"id":49,"license":1,"file_name":"e_4-19_jpg.rf.70f648e6a239836296e8b259f53804c9.jpg","height":416,"width":416,"date_captured":"2022-09-18T18:53:42+00:00"},{"id":50,"license":1,"file_name":"e_7-57_jpg.rf.681b07342a1e31296a2d8b1925e5e6a5.jpg","height":416,"width":416,"date_captured":"2022-09-18T18:53:42+00:00"},{"id":51,"license":1,"file_name":"f_4-38_jpg.rf.67c841512697a43ec5dead8d79219cb4.jpg","height":416,"width":416,"date_captured":"2022-09-18T18:53:42+00:00"},{"id":52,"license":1,"file_name":"c_7-76_jpg.rf.5cb1e68eae55415d6038a6c978ab4e0a.jpg","height":416,"width":416,"date_captured":"2022-09-18T18:53:42+00:00"},{"id":53,"license":1,"file_name":"e_4-76_jpg.rf.6976f14ae82019bbd64b0d06aff8aee5.jpg","height":416,"width":416,"date_captured":"2022-09-18T18:53:42+00:00"},{"id":54,"license":1,"file_name":"b_4-38_jpg.rf.766e9714b0024ce816925f1efd8fd454.jpg","height":416,"width":416,"date_captured":"2022-09-18T18:53:42+00:00"},{"id":55,"license":1,"file_name":"a_5-76_jpg.rf.6ebd616c24739cda2d838ce7d18e4455.jpg","height":416,"width":416,"date_captured":"2022-09-18T18:53:42+00:00"},{"id":56,"license":1,"file_name":"f_1-76_jpg.rf.82903235caba448bac2c5b6310a71fb0.jpg","height":416,"width":416,"date_captured":"2022-09-18T18:53:42+00:00"},{"id":57,"license":1,"file_name":"f_2-76_jpg.rf.82f8e13995d9f44daad9168ad1603c5d.jpg","height":416,"width":416,"date_captured":"2022-09-18T18:53:42+00:00"},{"id":58,"license":1,"file_name":"b_6-38_jpg.rf.83d18275f3b5e2f8fc66052105e4141d.jpg","height":416,"width":416,"date_captured":"2022-09-18T18:53:42+00:00"},{"id":59,"license":1,"file_name":"e_2-38_jpg.rf.82bd075b130c1f582412df91a019f74e.jpg","height":416,"width":416,"date_captured":"2022-09-18T18:53:42+00:00"},{"id":60,"license":1,"file_name":"f_1-38_jpg.rf.7a7c04b2582ba3e5128af1a1c65bf4e8.jpg","height":416,"width":416,"date_captured":"2022-09-18T18:53:42+00:00"},{"id":61,"license":1,"file_name":"a_4-38_jpg.rf.87cfae0dbc4075d5c3fae6431aa55997.jpg","height":416,"width":416,"date_captured":"2022-09-18T18:53:42+00:00"},{"id":62,"license":1,"file_name":"b_6-95_jpg.rf.8889bf430fcb075430c8f19135843bae.jpg","height":416,"width":416,"date_captured":"2022-09-18T18:53:42+00:00"},{"id":63,"license":1,"file_name":"d_3-76_jpg.rf.8455fbfe3a523ff862eb878e2c0ea857.jpg","height":416,"width":416,"date_captured":"2022-09-18T18:53:42+00:00"},{"id":64,"license":1,"file_name":"f_5-76_jpg.rf.5596565b9ba5ad6b7805e96ab70a16e3.jpg","height":416,"width":416,"date_captured":"2022-09-18T18:53:42+00:00"},{"id":65,"license":1,"file_name":"a_1-19_jpg.rf.7a72a51fa7dd47f6b2eefa26143c3acf.jpg","height":416,"width":416,"date_captured":"2022-09-18T18:53:42+00:00"},{"id":66,"license":1,"file_name":"d_4-38_jpg.rf.885facd493aecf24ea1522ee57007814.jpg","height":416,"width":416,"date_captured":"2022-09-18T18:53:42+00:00"},{"id":67,"license":1,"file_name":"b_2-95_jpg.rf.8b89acd1970579ef361fd1359be1c551.jpg","height":416,"width":416,"date_captured":"2022-09-18T18:53:42+00:00"},{"id":68,"license":1,"file_name":"a_7-19_jpg.rf.8cd00879cd855a7ac0a10b89c22a0fa4.jpg","height":416,"width":416,"date_captured":"2022-09-18T18:53:42+00:00"},{"id":69,"license":1,"file_name":"d_4-57_jpg.rf.85860837a8d000e1bcc3807a886b3fcf.jpg","height":416,"width":416,"date_captured":"2022-09-18T18:53:42+00:00"},{"id":70,"license":1,"file_name":"d_1-76_jpg.rf.8f692837b97f5b88258b22605eb1c145.jpg","height":416,"width":416,"date_captured":"2022-09-18T18:53:42+00:00"},{"id":71,"license":1,"file_name":"e_2-76_jpg.rf.9b294de9ddd72f22ea4ea0573658826b.jpg","height":416,"width":416,"date_captured":"2022-09-18T18:53:42+00:00"},{"id":72,"license":1,"file_name":"c_8-57_jpg.rf.8f44bd6fa62841630ceeeba5e337ab25.jpg","height":416,"width":416,"date_captured":"2022-09-18T18:53:42+00:00"},{"id":73,"license":1,"file_name":"b_1-19_jpg.rf.9a1d502cad21524102ea209e84041e4e.jpg","height":416,"width":416,"date_captured":"2022-09-18T18:53:42+00:00"},{"id":74,"license":1,"file_name":"a_2-38_jpg.rf.9f92cb3e748e640f816560160606c8fc.jpg","height":416,"width":416,"date_captured":"2022-09-18T18:53:42+00:00"},{"id":75,"license":1,"file_name":"c_1-57_jpg.rf.a97547832b7ca0c8754005ab5376af2e.jpg","height":416,"width":416,"date_captured":"2022-09-18T18:53:42+00:00"},{"id":76,"license":1,"file_name":"a_2-76_jpg.rf.9e271b7519b64180f734b93bfe1abb0c.jpg","height":416,"width":416,"date_captured":"2022-09-18T18:53:42+00:00"},{"id":77,"license":1,"file_name":"c_4-57_jpg.rf.ac63136632385dd7f4c398a6a1944b35.jpg","height":416,"width":416,"date_captured":"2022-09-18T18:53:42+00:00"},{"id":78,"license":1,"file_name":"e_7-76_jpg.rf.9d633bee85ef09ffd216cfa378af552e.jpg","height":416,"width":416,"date_captured":"2022-09-18T18:53:42+00:00"},{"id":79,"license":1,"file_name":"d_5-57_jpg.rf.99fe8ebdd8c3f65acf6102a5c1486403.jpg","height":416,"width":416,"date_captured":"2022-09-18T18:53:42+00:00"},{"id":80,"license":1,"file_name":"b_2-57_jpg.rf.a2eb8e197d2cb4e53ac3e1732f80c0bc.jpg","height":416,"width":416,"date_captured":"2022-09-18T18:53:42+00:00"},{"id":81,"license":1,"file_name":"a_6-57_jpg.rf.9c50f86f62f50b94e47a2bcc0bb455e3.jpg","height":416,"width":416,"date_captured":"2022-09-18T18:53:42+00:00"},{"id":82,"license":1,"file_name":"e_8-76_jpg.rf.ad7a047ee3c66becbe9b614b2d4fbcbf.jpg","height":416,"width":416,"date_captured":"2022-09-18T18:53:42+00:00"},{"id":83,"license":1,"file_name":"f_3-76_jpg.rf.a2414ff9a0f288c01213e8447b0df73c.jpg","height":416,"width":416,"date_captured":"2022-09-18T18:53:42+00:00"},{"id":84,"license":1,"file_name":"b_5-57_jpg.rf.65d9eb08a3ffec9615eb00423a2d8ab0.jpg","height":416,"width":416,"date_captured":"2022-09-18T18:53:42+00:00"},{"id":85,"license":1,"file_name":"c_4-19_jpg.rf.b92ed7a5aee24d606b9d39d6204de504.jpg","height":416,"width":416,"date_captured":"2022-09-18T18:53:42+00:00"},{"id":86,"license":1,"file_name":"a_1-95_jpg.rf.b175a519b74baedf7533336db1ba24eb.jpg","height":416,"width":416,"date_captured":"2022-09-18T18:53:42+00:00"},{"id":87,"license":1,"file_name":"c_7-95_jpg.rf.af6bc2a2552ecc919b4c6cb694bc37bd.jpg","height":416,"width":416,"date_captured":"2022-09-18T18:53:42+00:00"},{"id":88,"license":1,"file_name":"d_4-76_jpg.rf.afe1c18b6dce2edc3dd4d463dc32f1c0.jpg","height":416,"width":416,"date_captured":"2022-09-18T18:53:42+00:00"},{"id":89,"license":1,"file_name":"f_4-95_jpg.rf.b2c50d77ddb7de249885429e4cf995dc.jpg","height":416,"width":416,"date_captured":"2022-09-18T18:53:42+00:00"},{"id":90,"license":1,"file_name":"e_2-57_jpg.rf.9b11d6f685c49b642fe257d079ea9557.jpg","height":416,"width":416,"date_captured":"2022-09-18T18:53:42+00:00"},{"id":91,"license":1,"file_name":"f_4-76_jpg.rf.a0bfeb1c80943cb21a6ed600a02fa22e.jpg","height":416,"width":416,"date_captured":"2022-09-18T18:53:42+00:00"},{"id":92,"license":1,"file_name":"c_4-76_jpg.rf.c2c46e14bb3ec6834b7b95eadad3272d.jpg","height":416,"width":416,"date_captured":"2022-09-18T18:53:42+00:00"},{"id":93,"license":1,"file_name":"b_3-57_jpg.rf.c6725ccb52df98eae8c6c2527e8e32b7.jpg","height":416,"width":416,"date_captured":"2022-09-18T18:53:42+00:00"},{"id":94,"license":1,"file_name":"a_8-19_jpg.rf.a9e8b16900381eee8a40b07e08a8e09b.jpg","height":416,"width":416,"date_captured":"2022-09-18T18:53:42+00:00"},{"id":95,"license":1,"file_name":"a_6-38_jpg.rf.bf13a5f26fc88022cf9ea4f7c1c30e5b.jpg","height":416,"width":416,"date_captured":"2022-09-18T18:53:42+00:00"},{"id":96,"license":1,"file_name":"d_7-19_jpg.rf.b4f3c6d74eda41b687120f27cbd94b72.jpg","height":416,"width":416,"date_captured":"2022-09-18T18:53:42+00:00"},{"id":97,"license":1,"file_name":"b_5-19_jpg.rf.c8fa8c3f209e62429437cc26618a5905.jpg","height":416,"width":416,"date_captured":"2022-09-18T18:53:42+00:00"},{"id":98,"license":1,"file_name":"c_6-19_jpg.rf.ccb3fdb8d04506295455db79101a0f9d.jpg","height":416,"width":416,"date_captured":"2022-09-18T18:53:42+00:00"},{"id":99,"license":1,"file_name":"e_1-38_jpg.rf.c7c05796404d7b15dae9e14049708460.jpg","height":416,"width":416,"date_captured":"2022-09-18T18:53:42+00:00"},{"id":100,"license":1,"file_name":"d_8-19_jpg.rf.cd7b44e328d732045c1fb937dcbc407f.jpg","height":416,"width":416,"date_captured":"2022-09-18T18:53:42+00:00"},{"id":101,"license":1,"file_name":"c_7-57_jpg.rf.d78d5c23ce9bafdffdc52f260893b456.jpg","height":416,"width":416,"date_captured":"2022-09-18T18:53:42+00:00"},{"id":102,"license":1,"file_name":"b_5-95_jpg.rf.d241473dd9f328acf05d088462ae57dd.jpg","height":416,"width":416,"date_captured":"2022-09-18T18:53:42+00:00"},{"id":103,"license":1,"file_name":"c_5-19_jpg.rf.b735f5de3b1185bfe5c5ea7be4adaa2a.jpg","height":416,"width":416,"date_captured":"2022-09-18T18:53:42+00:00"},{"id":104,"license":1,"file_name":"c_5-57_jpg.rf.cf0b2cd92023c884b580bed00c2d92dd.jpg","height":416,"width":416,"date_captured":"2022-09-18T18:53:42+00:00"},{"id":105,"license":1,"file_name":"f_1-19_jpg.rf.bf0f8a191925ae9298fbe4c7d64e3e50.jpg","height":416,"width":416,"date_captured":"2022-09-18T18:53:42+00:00"},{"id":106,"license":1,"file_name":"d_6-95_jpg.rf.b54430094a71560c9255bd26a1cb760f.jpg","height":416,"width":416,"date_captured":"2022-09-18T18:53:42+00:00"},{"id":107,"license":1,"file_name":"d_6-19_jpg.rf.d30ba4eb85fab0a8ce443bf10a470ac1.jpg","height":416,"width":416,"date_captured":"2022-09-18T18:53:42+00:00"},{"id":108,"license":1,"file_name":"a_7-38_jpg.rf.cfa12684f9bcb587da935808b44fecc7.jpg","height":416,"width":416,"date_captured":"2022-09-18T18:53:42+00:00"},{"id":109,"license":1,"file_name":"b_6-19_jpg.rf.d3207e9a7a28f5664f0bccd7853dd640.jpg","height":416,"width":416,"date_captured":"2022-09-18T18:53:42+00:00"},{"id":110,"license":1,"file_name":"a_8-95_jpg.rf.d58e6ca5afe9e39d2abd959494828833.jpg","height":416,"width":416,"date_captured":"2022-09-18T18:53:42+00:00"},{"id":111,"license":1,"file_name":"b_3-38_jpg.rf.cc8607620e6da69a187d8bb0700f3095.jpg","height":416,"width":416,"date_captured":"2022-09-18T18:53:42+00:00"},{"id":112,"license":1,"file_name":"c_4-38_jpg.rf.d7d3f438592f692f83b8831665fc8ce1.jpg","height":416,"width":416,"date_captured":"2022-09-18T18:53:42+00:00"},{"id":113,"license":1,"file_name":"e_1-57_jpg.rf.d51fa754db1137afeee94add85dc26ce.jpg","height":416,"width":416,"date_captured":"2022-09-18T18:53:42+00:00"},{"id":114,"license":1,"file_name":"b_2-19_jpg.rf.b99674062e902b09dfe72faf841d9e72.jpg","height":416,"width":416,"date_captured":"2022-09-18T18:53:42+00:00"},{"id":115,"license":1,"file_name":"a_4-95_jpg.rf.db7d806521eb67cc2e38949096cb88c7.jpg","height":416,"width":416,"date_captured":"2022-09-18T18:53:42+00:00"},{"id":116,"license":1,"file_name":"e_5-19_jpg.rf.d840bee545a894d6d3b12a39c91c394e.jpg","height":416,"width":416,"date_captured":"2022-09-18T18:53:42+00:00"},{"id":117,"license":1,"file_name":"e_1-95_jpg.rf.db4e9bacabde073ecfea79368dc0b6ad.jpg","height":416,"width":416,"date_captured":"2022-09-18T18:53:42+00:00"},{"id":118,"license":1,"file_name":"a_2-95_jpg.rf.dd643456d432ef7391abc2cf02f43ccf.jpg","height":416,"width":416,"date_captured":"2022-09-18T18:53:42+00:00"},{"id":119,"license":1,"file_name":"c_2-76_jpg.rf.df906ff8751818ecde85831b1b684a22.jpg","height":416,"width":416,"date_captured":"2022-09-18T18:53:42+00:00"},{"id":120,"license":1,"file_name":"b_6-76_jpg.rf.e29edb4795fac283079fbc4f350a84ec.jpg","height":416,"width":416,"date_captured":"2022-09-18T18:53:42+00:00"},{"id":121,"license":1,"file_name":"b_4-76_jpg.rf.eb89d299baf54f5bc58f9f80a9fe1746.jpg","height":416,"width":416,"date_captured":"2022-09-18T18:53:42+00:00"},{"id":122,"license":1,"file_name":"d_4-19_jpg.rf.ef7b229036d542ad06174795de51486f.jpg","height":416,"width":416,"date_captured":"2022-09-18T18:53:42+00:00"},{"id":123,"license":1,"file_name":"d_1-95_jpg.rf.e0ad46a75680e86f26e34aa1e978ba08.jpg","height":416,"width":416,"date_captured":"2022-09-18T18:53:42+00:00"},{"id":124,"license":1,"file_name":"d_7-76_jpg.rf.e7b428eeeddc7a3202790dc34fb41e32.jpg","height":416,"width":416,"date_captured":"2022-09-18T18:53:42+00:00"},{"id":125,"license":1,"file_name":"b_8-57_jpg.rf.dd17bbe0d0e65013552e7766ec726e35.jpg","height":416,"width":416,"date_captured":"2022-09-18T18:53:42+00:00"},{"id":126,"license":1,"file_name":"d_5-19_jpg.rf.df3508d65a2ca343c66340eada7e82b4.jpg","height":416,"width":416,"date_captured":"2022-09-18T18:53:42+00:00"},{"id":127,"license":1,"file_name":"e_6-76_jpg.rf.dd4f708e9b3e973e1dc793d951c50bc7.jpg","height":416,"width":416,"date_captured":"2022-09-18T18:53:42+00:00"},{"id":128,"license":1,"file_name":"a_8-57_jpg.rf.de12874f96c39dab121f62a3749eec0f.jpg","height":416,"width":416,"date_captured":"2022-09-18T18:53:42+00:00"},{"id":129,"license":1,"file_name":"e_4-57_jpg.rf.ec1e8cc258b94cd931cafe6e8375b022.jpg","height":416,"width":416,"date_captured":"2022-09-18T18:53:42+00:00"},{"id":130,"license":1,"file_name":"d_1-19_jpg.rf.e9fa653708261039e57ad1d88ada1495.jpg","height":416,"width":416,"date_captured":"2022-09-18T18:53:42+00:00"},{"id":131,"license":1,"file_name":"a_6-95_jpg.rf.dd10599c3f39a80745a30d5b8a9d676c.jpg","height":416,"width":416,"date_captured":"2022-09-18T18:53:42+00:00"},{"id":132,"license":1,"file_name":"d_6-38_jpg.rf.d9498dc4133b074ea5bfbff649d4e0da.jpg","height":416,"width":416,"date_captured":"2022-09-18T18:53:42+00:00"},{"id":133,"license":1,"file_name":"e_6-95_jpg.rf.e73bb8b1686b350df6b469e217688a37.jpg","height":416,"width":416,"date_captured":"2022-09-18T18:53:42+00:00"},{"id":134,"license":1,"file_name":"f_8-57_jpg.rf.ea43cb479d138c1d6521d89f75922146.jpg","height":416,"width":416,"date_captured":"2022-09-18T18:53:42+00:00"},{"id":135,"license":1,"file_name":"e_6-38_jpg.rf.f65a45423d0f0e8e0f7f3a6470ac6b57.jpg","height":416,"width":416,"date_captured":"2022-09-18T18:53:42+00:00"},{"id":136,"license":1,"file_name":"d_7-57_jpg.rf.ea32c7d2c7832fea9f0515531c1dd144.jpg","height":416,"width":416,"date_captured":"2022-09-18T18:53:42+00:00"},{"id":137,"license":1,"file_name":"b_4-57_jpg.rf.fb8ca44c5bc09c6fb80abf9a11904b72.jpg","height":416,"width":416,"date_captured":"2022-09-18T18:53:42+00:00"},{"id":138,"license":1,"file_name":"e_8-95_jpg.rf.fda46b9bc2658c19770bb8d8bba614bf.jpg","height":416,"width":416,"date_captured":"2022-09-18T18:53:42+00:00"},{"id":139,"license":1,"file_name":"d_3-95_jpg.rf.efb20138be2ae67bc252c8055dc411ad.jpg","height":416,"width":416,"date_captured":"2022-09-18T18:53:42+00:00"},{"id":140,"license":1,"file_name":"e_5-38_jpg.rf.fffcb2c731b1193de6c9db2fa0d14ea1.jpg","height":416,"width":416,"date_captured":"2022-09-18T18:53:42+00:00"},{"id":141,"license":1,"file_name":"f_7-95_jpg.rf.f6de21db8db8c82ca4fd2f6bd2ed0c08.jpg","height":416,"width":416,"date_captured":"2022-09-18T18:53:42+00:00"},{"id":142,"license":1,"file_name":"a_3-38_jpg.rf.fc480e43c609ffa2a2bbaf13918ed670.jpg","height":416,"width":416,"date_captured":"2022-09-18T18:53:42+00:00"},{"id":143,"license":1,"file_name":"a_8-76_jpg.rf.f76c75ab6f2d8d859d556cde57871f8f.jpg","height":416,"width":416,"date_captured":"2022-09-18T18:53:42+00:00"}],"annotations":[{"id":0,"image_id":0,"category_id":2,"bbox":[102,117,218.5,223],"area":48725.5,"segmentation":[],"iscrowd":0},{"id":1,"image_id":1,"category_id":1,"bbox":[163,75,155,328],"area":50840,"segmentation":[],"iscrowd":0},{"id":2,"image_id":2,"category_id":2,"bbox":[110,127,277.5,259],"area":71872.5,"segmentation":[],"iscrowd":0},{"id":3,"image_id":3,"category_id":3,"bbox":[128,92,254,238],"area":60452,"segmentation":[],"iscrowd":0},{"id":4,"image_id":4,"category_id":4,"bbox":[200,90,159.5,253],"area":40353.5,"segmentation":[],"iscrowd":0},{"id":5,"image_id":5,"category_id":5,"bbox":[131,17,254.5,382.5],"area":97346.25,"segmentation":[],"iscrowd":0},{"id":6,"image_id":6,"category_id":4,"bbox":[104,39,244,300.5],"area":73322,"segmentation":[],"iscrowd":0},{"id":7,"image_id":7,"category_id":5,"bbox":[103,24,260,392],"area":101920,"segmentation":[],"iscrowd":0},{"id":8,"image_id":8,"category_id":4,"bbox":[95,104,223,227.5],"area":50732.5,"segmentation":[],"iscrowd":0},{"id":9,"image_id":9,"category_id":1,"bbox":[147,36,214,282],"area":60348,"segmentation":[],"iscrowd":0},{"id":10,"image_id":10,"category_id":4,"bbox":[165,131,200,217],"area":43400,"segmentation":[],"iscrowd":0},{"id":11,"image_id":11,"category_id":5,"bbox":[86,43,238,361.5],"area":86037,"segmentation":[],"iscrowd":0},{"id":12,"image_id":12,"category_id":1,"bbox":[84,26,251,390],"area":97890,"segmentation":[],"iscrowd":0},{"id":13,"image_id":13,"category_id":2,"bbox":[40,70,330.5,293.5],"area":97001.75,"segmentation":[],"iscrowd":0},{"id":14,"image_id":14,"category_id":1,"bbox":[61,43,243,366.5],"area":89059.5,"segmentation":[],"iscrowd":0},{"id":15,"image_id":15,"category_id":6,"bbox":[106,22,242.5,359.5],"area":87178.75,"segmentation":[],"iscrowd":0},{"id":16,"image_id":16,"category_id":2,"bbox":[50,76,301.5,294.5],"area":88791.75,"segmentation":[],"iscrowd":0},{"id":17,"image_id":17,"category_id":2,"bbox":[73,186,277.5,192],"area":53280,"segmentation":[],"iscrowd":0},{"id":18,"image_id":18,"category_id":6,"bbox":[137,29,204.5,363],"area":74233.5,"segmentation":[],"iscrowd":0},{"id":19,"image_id":19,"category_id":5,"bbox":[71,23,297,375.5],"area":111523.5,"segmentation":[],"iscrowd":0},{"id":20,"image_id":20,"category_id":4,"bbox":[132,119,173.5,205.5],"area":35654.25,"segmentation":[],"iscrowd":0},{"id":21,"image_id":21,"category_id":1,"bbox":[146,102,193,298],"area":57514,"segmentation":[],"iscrowd":0},{"id":22,"image_id":22,"category_id":2,"bbox":[77,28,295,309.5],"area":91302.5,"segmentation":[],"iscrowd":0},{"id":23,"image_id":23,"category_id":2,"bbox":[23,23,313.5,339.5],"area":106433.25,"segmentation":[],"iscrowd":0},{"id":24,"image_id":24,"category_id":5,"bbox":[95,18,247.5,381.5],"area":94421.25,"segmentation":[],"iscrowd":0},{"id":25,"image_id":25,"category_id":5,"bbox":[186,31,183,329.5],"area":60298.5,"segmentation":[],"iscrowd":0},{"id":26,"image_id":26,"category_id":4,"bbox":[78,102,255.5,287.5],"area":73456.25,"segmentation":[],"iscrowd":0},{"id":27,"image_id":27,"category_id":5,"bbox":[158,49,213,276],"area":58788,"segmentation":[],"iscrowd":0},{"id":28,"image_id":28,"category_id":1,"bbox":[175,46,174.5,333],"area":58108.5,"segmentation":[],"iscrowd":0},{"id":29,"image_id":29,"category_id":1,"bbox":[78,22,231.5,386],"area":89359,"segmentation":[],"iscrowd":0},{"id":30,"image_id":30,"category_id":5,"bbox":[191,30,158.5,331.5],"area":52542.75,"segmentation":[],"iscrowd":0},{"id":31,"image_id":31,"category_id":5,"bbox":[162,22,231.5,345.5],"area":79983.25,"segmentation":[],"iscrowd":0},{"id":32,"image_id":32,"category_id":5,"bbox":[192,36,180.5,318],"area":57399,"segmentation":[],"iscrowd":0},{"id":33,"image_id":33,"category_id":3,"bbox":[78,94,240,257.5],"area":61800,"segmentation":[],"iscrowd":0},{"id":34,"image_id":34,"category_id":6,"bbox":[93,11,229,403.5],"area":92401.5,"segmentation":[],"iscrowd":0},{"id":35,"image_id":35,"category_id":1,"bbox":[135,52,216.5,343],"area":74259.5,"segmentation":[],"iscrowd":0},{"id":36,"image_id":36,"category_id":3,"bbox":[122,115,223,200],"area":44600,"segmentation":[],"iscrowd":0},{"id":37,"image_id":37,"category_id":5,"bbox":[141,12,246.5,386],"area":95149,"segmentation":[],"iscrowd":0},{"id":38,"image_id":38,"category_id":4,"bbox":[87,24,268,331.5],"area":88842,"segmentation":[],"iscrowd":0},{"id":39,"image_id":39,"category_id":1,"bbox":[165,33,177,341],"area":60357,"segmentation":[],"iscrowd":0},{"id":40,"image_id":40,"category_id":6,"bbox":[136,43,228,344.5],"area":78546,"segmentation":[],"iscrowd":0},{"id":41,"image_id":41,"category_id":4,"bbox":[193,84,177,246],"area":43542,"segmentation":[],"iscrowd":0},{"id":42,"image_id":42,"category_id":3,"bbox":[105,127,209.5,247.5],"area":51851.25,"segmentation":[],"iscrowd":0},{"id":43,"image_id":43,"category_id":5,"bbox":[86,46,266,370],"area":98420,"segmentation":[],"iscrowd":0},{"id":44,"image_id":44,"category_id":5,"bbox":[175,37,200,311],"area":62200,"segmentation":[],"iscrowd":0},{"id":45,"image_id":45,"category_id":6,"bbox":[125,27,219.5,353.5],"area":77593.25,"segmentation":[],"iscrowd":0},{"id":46,"image_id":46,"category_id":3,"bbox":[48,83,277,272.5],"area":75482.5,"segmentation":[],"iscrowd":0},{"id":47,"image_id":47,"category_id":1,"bbox":[120,23,255.5,374.5],"area":95684.75,"segmentation":[],"iscrowd":0},{"id":48,"image_id":48,"category_id":3,"bbox":[133,132,222,224],"area":49728,"segmentation":[],"iscrowd":0},{"id":49,"image_id":49,"category_id":4,"bbox":[58,67,270.5,314.5],"area":85072.25,"segmentation":[],"iscrowd":0},{"id":50,"image_id":50,"category_id":4,"bbox":[189,104,174.5,238],"area":41531,"segmentation":[],"iscrowd":0},{"id":51,"image_id":51,"category_id":5,"bbox":[80,23,289,374.5],"area":108230.5,"segmentation":[],"iscrowd":0},{"id":52,"image_id":52,"category_id":2,"bbox":[118,130,273,246],"area":67158,"segmentation":[],"iscrowd":0},{"id":53,"image_id":53,"category_id":4,"bbox":[86,77,228,299.5],"area":68286,"segmentation":[],"iscrowd":0},{"id":54,"image_id":54,"category_id":1,"bbox":[116,48,232.5,349],"area":81142.5,"segmentation":[],"iscrowd":0},{"id":55,"image_id":55,"category_id":3,"bbox":[128,134,200,216],"area":43200,"segmentation":[],"iscrowd":0},{"id":56,"image_id":56,"category_id":5,"bbox":[78,13,261.5,381.5],"area":99762.25,"segmentation":[],"iscrowd":0},{"id":57,"image_id":57,"category_id":5,"bbox":[131,51,254.5,365],"area":92892.5,"segmentation":[],"iscrowd":0},{"id":58,"image_id":58,"category_id":1,"bbox":[78,18,182.5,378],"area":68985,"segmentation":[],"iscrowd":0},{"id":59,"image_id":59,"category_id":4,"bbox":[121,52,228,292.5],"area":66690,"segmentation":[],"iscrowd":0},{"id":60,"image_id":60,"category_id":5,"bbox":[117,8,256.5,376.5],"area":96572.25,"segmentation":[],"iscrowd":0},{"id":61,"image_id":61,"category_id":3,"bbox":[144,127,245,235.5],"area":57697.5,"segmentation":[],"iscrowd":0},{"id":62,"image_id":62,"category_id":1,"bbox":[86,49,228,352.5],"area":80370,"segmentation":[],"iscrowd":0},{"id":63,"image_id":63,"category_id":6,"bbox":[114,100,171,268],"area":45828,"segmentation":[],"iscrowd":0},{"id":64,"image_id":64,"category_id":5,"bbox":[222,135,173.5,257.5],"area":44676.25,"segmentation":[],"iscrowd":0},{"id":65,"image_id":65,"category_id":3,"bbox":[78,17,300,299.5],"area":89850,"segmentation":[],"iscrowd":0},{"id":66,"image_id":66,"category_id":6,"bbox":[80,40,277.5,364],"area":101010,"segmentation":[],"iscrowd":0},{"id":67,"image_id":67,"category_id":1,"bbox":[102,52,243,334],"area":81162,"segmentation":[],"iscrowd":0},{"id":68,"image_id":68,"category_id":3,"bbox":[122,85,218.5,240.5],"area":52549.25,"segmentation":[],"iscrowd":0},{"id":69,"image_id":69,"category_id":6,"bbox":[90,42,256.5,370],"area":94905,"segmentation":[],"iscrowd":0},{"id":70,"image_id":70,"category_id":6,"bbox":[122,14,259,390.5],"area":101139.5,"segmentation":[],"iscrowd":0},{"id":71,"image_id":71,"category_id":4,"bbox":[87,44,228,291],"area":66348,"segmentation":[],"iscrowd":0},{"id":72,"image_id":72,"category_id":2,"bbox":[77,28,306,309.5],"area":94707,"segmentation":[],"iscrowd":0},{"id":73,"image_id":73,"category_id":1,"bbox":[117,14,229,394],"area":90226,"segmentation":[],"iscrowd":0},{"id":74,"image_id":74,"category_id":3,"bbox":[108,122,248,239],"area":59272,"segmentation":[],"iscrowd":0},{"id":75,"image_id":75,"category_id":2,"bbox":[88,63,305,318],"area":96990,"segmentation":[],"iscrowd":0},{"id":76,"image_id":76,"category_id":3,"bbox":[122,85,265,255.5],"area":67707.5,"segmentation":[],"iscrowd":0},{"id":77,"image_id":77,"category_id":2,"bbox":[40,64,297,335],"area":99495,"segmentation":[],"iscrowd":0},{"id":78,"image_id":78,"category_id":4,"bbox":[195,97,165.5,244],"area":40382,"segmentation":[],"iscrowd":0},{"id":79,"image_id":79,"category_id":6,"bbox":[125,80,222,314.5],"area":69819,"segmentation":[],"iscrowd":0},{"id":80,"image_id":80,"category_id":1,"bbox":[125,33,238,356],"area":84728,"segmentation":[],"iscrowd":0},{"id":81,"image_id":81,"category_id":3,"bbox":[99,94,236,254],"area":59944,"segmentation":[],"iscrowd":0},{"id":82,"image_id":82,"category_id":4,"bbox":[85,78,222,275],"area":61050,"segmentation":[],"iscrowd":0},{"id":83,"image_id":83,"category_id":5,"bbox":[164,74,191,260],"area":49660,"segmentation":[],"iscrowd":0},{"id":84,"image_id":84,"category_id":1,"bbox":[142,97,194.5,315.5],"area":61364.75,"segmentation":[],"iscrowd":0},{"id":85,"image_id":85,"category_id":2,"bbox":[57,87,296,313],"area":92648,"segmentation":[],"iscrowd":0},{"id":86,"image_id":86,"category_id":3,"bbox":[110,67,279.5,279.5],"area":78120.25,"segmentation":[],"iscrowd":0},{"id":87,"image_id":87,"category_id":2,"bbox":[126,124,270,254],"area":68580,"segmentation":[],"iscrowd":0},{"id":88,"image_id":88,"category_id":6,"bbox":[64,49,275,363],"area":99825,"segmentation":[],"iscrowd":0},{"id":89,"image_id":89,"category_id":5,"bbox":[95,28,277.5,372],"area":103230,"segmentation":[],"iscrowd":0},{"id":90,"image_id":90,"category_id":4,"bbox":[160,72,215,267],"area":57405,"segmentation":[],"iscrowd":0},{"id":91,"image_id":91,"category_id":5,"bbox":[102,20,280,382.5],"area":107100,"segmentation":[],"iscrowd":0},{"id":92,"image_id":92,"category_id":2,"bbox":[62,66,296,331.5],"area":98124,"segmentation":[],"iscrowd":0},{"id":93,"image_id":93,"category_id":1,"bbox":[123,72,184,271.5],"area":49956,"segmentation":[],"iscrowd":0},{"id":94,"image_id":94,"category_id":3,"bbox":[32,57,233.5,260],"area":60710,"segmentation":[],"iscrowd":0},{"id":95,"image_id":95,"category_id":3,"bbox":[92,105,244,244],"area":59536,"segmentation":[],"iscrowd":0},{"id":96,"image_id":96,"category_id":6,"bbox":[173,59,207,315.5],"area":65308.5,"segmentation":[],"iscrowd":0},{"id":97,"image_id":97,"category_id":1,"bbox":[134,89,216.5,318],"area":68847,"segmentation":[],"iscrowd":0},{"id":98,"image_id":98,"category_id":2,"bbox":[56,52,318,318],"area":101124,"segmentation":[],"iscrowd":0},{"id":99,"image_id":99,"category_id":4,"bbox":[115,82,224.5,323.5],"area":72625.75,"segmentation":[],"iscrowd":0},{"id":100,"image_id":100,"category_id":6,"bbox":[192,32,214,370],"area":79180,"segmentation":[],"iscrowd":0},{"id":101,"image_id":101,"category_id":2,"bbox":[123,137,269.5,254],"area":68453,"segmentation":[],"iscrowd":0},{"id":102,"image_id":102,"category_id":1,"bbox":[159,96,165.5,303],"area":50146.5,"segmentation":[],"iscrowd":0},{"id":103,"image_id":103,"category_id":2,"bbox":[77,183,218,197.5],"area":43055,"segmentation":[],"iscrowd":0},{"id":104,"image_id":104,"category_id":2,"bbox":[88,189,249.5,172],"area":42914,"segmentation":[],"iscrowd":0},{"id":105,"image_id":105,"category_id":5,"bbox":[141,23,240.5,368.5],"area":88624.25,"segmentation":[],"iscrowd":0},{"id":106,"image_id":106,"category_id":6,"bbox":[116,48,209.5,349],"area":73115.5,"segmentation":[],"iscrowd":0},{"id":107,"image_id":107,"category_id":6,"bbox":[117,48,228,344.5],"area":78546,"segmentation":[],"iscrowd":0},{"id":108,"image_id":108,"category_id":3,"bbox":[120,82,222,249.5],"area":55389,"segmentation":[],"iscrowd":0},{"id":109,"image_id":109,"category_id":1,"bbox":[135,31,203.5,364],"area":74074,"segmentation":[],"iscrowd":0},{"id":110,"image_id":110,"category_id":3,"bbox":[130,172,274,240.5],"area":65897,"segmentation":[],"iscrowd":0},{"id":111,"image_id":111,"category_id":1,"bbox":[117,59,196.5,267],"area":52465.5,"segmentation":[],"iscrowd":0},{"id":112,"image_id":112,"category_id":2,"bbox":[64,103,273,299.5],"area":81763.5,"segmentation":[],"iscrowd":0},{"id":113,"image_id":113,"category_id":4,"bbox":[63,57,237,330.5],"area":78328.5,"segmentation":[],"iscrowd":0},{"id":114,"image_id":114,"category_id":1,"bbox":[79,28,238,370],"area":88060,"segmentation":[],"iscrowd":0},{"id":115,"image_id":115,"category_id":3,"bbox":[115,131,244,237],"area":57828,"segmentation":[],"iscrowd":0},{"id":116,"image_id":116,"category_id":4,"bbox":[160,189,187.5,201],"area":37687.5,"segmentation":[],"iscrowd":0},{"id":117,"image_id":117,"category_id":4,"bbox":[123,44,246.5,344.5],"area":84919.25,"segmentation":[],"iscrowd":0},{"id":118,"image_id":118,"category_id":3,"bbox":[152,99,232.5,233.5],"area":54288.75,"segmentation":[],"iscrowd":0},{"id":119,"image_id":119,"category_id":2,"bbox":[39,31,340,314.5],"area":106930,"segmentation":[],"iscrowd":0},{"id":120,"image_id":120,"category_id":1,"bbox":[117,46,232.5,353.5],"area":82188.75,"segmentation":[],"iscrowd":0},{"id":121,"image_id":121,"category_id":1,"bbox":[98,42,240.5,370],"area":88985,"segmentation":[],"iscrowd":0},{"id":122,"image_id":122,"category_id":6,"bbox":[67,41,313.5,368.5],"area":115524.75,"segmentation":[],"iscrowd":0},{"id":123,"image_id":123,"category_id":6,"bbox":[115,18,243,397.5],"area":96592.5,"segmentation":[],"iscrowd":0},{"id":124,"image_id":124,"category_id":6,"bbox":[207,69,156,300.5],"area":46878,"segmentation":[],"iscrowd":0},{"id":125,"image_id":125,"category_id":1,"bbox":[125,25,238,390.5],"area":92939,"segmentation":[],"iscrowd":0},{"id":126,"image_id":126,"category_id":6,"bbox":[101,90,209.5,299.5],"area":62745.25,"segmentation":[],"iscrowd":0},{"id":127,"image_id":127,"category_id":4,"bbox":[126,96,202.5,282],"area":57105,"segmentation":[],"iscrowd":0},{"id":128,"image_id":128,"category_id":3,"bbox":[65,80,214,224],"area":47936,"segmentation":[],"iscrowd":0},{"id":129,"image_id":129,"category_id":4,"bbox":[101,76,246.5,301.5],"area":74319.75,"segmentation":[],"iscrowd":0},{"id":130,"image_id":130,"category_id":6,"bbox":[97,5,255.5,396.5],"area":101305.75,"segmentation":[],"iscrowd":0},{"id":131,"image_id":131,"category_id":3,"bbox":[104,102,225,240.5],"area":54112.5,"segmentation":[],"iscrowd":0},{"id":132,"image_id":132,"category_id":6,"bbox":[106,39,221,352.5],"area":77902.5,"segmentation":[],"iscrowd":0},{"id":133,"image_id":133,"category_id":4,"bbox":[149,69,191,301.5],"area":57586.5,"segmentation":[],"iscrowd":0},{"id":134,"image_id":134,"category_id":5,"bbox":[82,33,297,383],"area":113751,"segmentation":[],"iscrowd":0},{"id":135,"image_id":135,"category_id":4,"bbox":[98,104,236,287.5],"area":67850,"segmentation":[],"iscrowd":0},{"id":136,"image_id":136,"category_id":6,"bbox":[206,54,169,324.5],"area":54840.5,"segmentation":[],"iscrowd":0},{"id":137,"image_id":137,"category_id":1,"bbox":[111,46,213,355],"area":75615,"segmentation":[],"iscrowd":0},{"id":138,"image_id":138,"category_id":4,"bbox":[86,74,240.5,289],"area":69504.5,"segmentation":[],"iscrowd":0},{"id":139,"image_id":139,"category_id":6,"bbox":[100,88,188.5,266],"area":50141,"segmentation":[],"iscrowd":0},{"id":140,"image_id":140,"category_id":4,"bbox":[162,189,180.5,202],"area":36461,"segmentation":[],"iscrowd":0},{"id":141,"image_id":141,"category_id":5,"bbox":[176,26,191,326],"area":62266,"segmentation":[],"iscrowd":0},{"id":142,"image_id":142,"category_id":3,"bbox":[71,103,217.5,193],"area":41977.5,"segmentation":[],"iscrowd":0},{"id":143,"image_id":143,"category_id":3,"bbox":[103,74,259,248.5],"area":64361.5,"segmentation":[],"iscrowd":0}]}